Unnamed: 0,REG 1 SYS,REG 1 DIA,REG 1 P,REG 2 SYS,REG 2 DIA,REG 2 P,DÉL 1 SYS,DÉL 1 DIA,DÉL 1 P,DÉL 2 SYS,DÉL 2 DIA,DÉL 2 P,ESTE 1 SYS,ESTE 1 DIA,ESTE 1 P,ESTE 2 SYS,ESTE 2 DIA,ESTE 2 P
2026.05.29.,151,95,74,151,94,71,148,91,74,154,86,78,148,85,75,144,78,73
2026.05.30.,164,99,72,164,97,68,158,92,72,154,86,74,151,91,67,145,90,63
2026.05.31.,159,96,67,161,96,65,155,93,67,155,91,66,147,90,74,146,88,75
2026.06.01.,143,88,69,143,87,64,143,80,76,141,80,77,140,86,66,136,82,71
2026.06.02.,156,83,79,160,85,70,142,82,84,144,78,85,142,75,78,148,78,76
2026.06.03.,146,85,69,144,87,69,144,88,74,142,88,73,140,81,69,133,79,66
2026.06.04.,148,85,68,151,84,70,141,79,65,147,76,60,141,81,60,136,80,66
2026.06.05.,139,83,73,134,79,74,135,82,72,135,78,71,122,78,73,119,76,70
2026.06.06.,152,84,67,151,87,67,145,84,66,145,84,65,141,81,68,140,80,92
2026.06.07.,154,91,63,150,91,64,133,78,75,137,82,71,135,80,74,132,80,69
2026.06.08.,152,87,72,150,84,68,150,83,71,150,83,75,135,83,70,134,78,63
2026.06.09.,185,98,73,161,87,76,146,82,76,140,85,78,139,79,64,138,77,72
2026.06.10.,155,96,73,153,93,80,153,91,75,185,91,76,147,84,77,148,83,76
2026.06.11.,152,89,74,155,87,73,138,84,77,137,84,79,144,82,73,147,79,78
2026.06.12.,169,94,73,162,93,73,159,85,64,154,117,73,156,92,73,156,91,66
2026.06.13.,163,97,71,161,95,68,145,84,65,143,85,64,140,85,69,141,83,72
2026.06.14.,158,95,65,160,88,70,147,90,73,143,87,71,145,85,70,140,85,58
2026.06.15.,168,98,78,175,99,77,172,101,80,173,97,79,165,100,66,166,98,69
2026.06.16.,167,89,68,165,87,64,154,88,70,153,86,66,140,91,72,147,90,71
2026.06.17.,143,82,82,142,83,81,143,82,91,139,80,88,137,77,86,138,80,81
2026.06.18.,144,84,72,148,84,69,143,77,72,139,77,78,135,88,74,133,86,74
2026.06.19.,151,82,74,148,82,75,141,85,83,187,115,82,147,82,81,147,79,73
2026.06.20.,145,85,79,143,84,76,142,86,75,143,83,73,143,80,72,136,77,67
2026.06.21.,152,88,68,150,84,65,136,81,66,134,84,66,130,81,63,138,84,67
2026.06.22.,141,83,63,142,82,58,131,80,63,130,80,67,123,75,61,130,73,64
2026.06.23.,138,83,57,136,87,60,128,76,68,131,75,66,129,71,70,132,76,71
2026.06.24.,132,78,84,139,77,84,141,79,78,141,77,77,137,78,75,140,77,76
2026.06.25.,145,88,84,143,86,85,149,82,88,151,77,87,144,83,85,146,81,85
2026.06.26.,150,83,77,142,80,76,141,85,75,139,85,75,137,73,72,135,72,72
2026.06.27.,140,85,74,141,85,71,142,79,78,140,82,76,139,80,61,137,81,64
2026.06.28.,144,90,83,149,88,83,139,86,89,145,85,86,135,81,79,130,84,82
2026.06.29.,156,86,78,155,86,79,149,81,80,143,84,80,135,81,75,135,82,80
2026.06.30.,145,83,69,143,80,67,139,77,72,137,80,69,130,83,76,134,82,73